id,full_name,email,gender,state
1,Delia Hubbert,,Female,
2,Anthony Brand-Hardy,abrandhardy1@pinterest.com,Non-binary,Ohio
3,Durand Lafayette,dlafayette2@nydailynews.com,Male,Texas
4,Margarete De Ruggero,mderuggero3@nydailynews.com,Agender,Louisiana
5,Sheila-kathryn Burtwhistle,sburtwhistle4@slideshare.net,Polygender,Texas
6,Ruperto Baroch,,Genderfluid,
7,Griswold Krates,,Genderfluid,
8,Umberto Richardsson,urichardsson7@merriam-webster.com,Non-binary,Texas
9,Susy Michiel,smichiel8@hp.com,Female,Texas
10,Lorianna Johnigan,,Polygender,
11,Barton Dundridge,,Non-binary,
12,Adria Sybe,asybeb@sciencedirect.com,Non-binary,California
13,Letizia Conaghy,lconaghyc@t.co,Genderfluid,West Virginia
14,Nicola Chalfant,nchalfantd@businessinsider.com,Agender,New York
15,Lothario Denton,ldentone@reuters.com,Genderqueer,South Carolina
16,Melodie Pleass,,Genderqueer,
17,Neville Garrand,ngarrandg@pbs.org,Female,Illinois
18,Rutherford Dirand,rdirandh@geocities.com,Agender,Nevada
19,Mirabelle Hellcat,mhellcati@mail.ru,Polygender,Florida
20,Inigo Barker,ibarkerj@youku.com,Genderfluid,Texas
21,Arin Jeff,ajeffk@mozilla.org,Bigender,New York
22,Jamill Corkel,jcorkell@mlb.com,Female,New Jersey
23,Carine Moret,cmoretm@php.net,Polygender,California
24,Nelson Dowe,ndowen@google.ca,Polygender,New York
25,Gale Mowles,gmowleso@nbcnews.com,Genderqueer,Nevada
26,Quinn Hellikes,qhellikesp@blogspot.com,Genderqueer,Illinois
27,Dennie Danat,ddanatq@imdb.com,Polygender,New York
28,Sophi Macieja,smaciejar@cnn.com,Agender,North Carolina
29,Yard Tolchard,,Genderqueer,
30,Colet Rupke,crupket@patch.com,Female,California
31,Griswold Enderle,genderleu@java.com,Genderqueer,North Carolina
32,Marnie Judd,mjuddv@pcworld.com,Female,North Carolina
33,Sheri Bindin,sbindinw@auda.org.au,Genderqueer,Texas
34,Sherie Pettifer,spettiferx@yellowpages.com,Bigender,Texas
35,Benjamen McQuillin,bmcquilliny@oaic.gov.au,Bigender,Texas
36,Gilberte Gibbs,ggibbsz@flickr.com,Male,Virginia
37,Annabal Lovie,alovie10@goodreads.com,Agender,Nevada
38,Westley McKinna,wmckinna11@photobucket.com,Bigender,Oklahoma
39,Wenonah Worts,wworts12@google.ca,Genderfluid,Texas
40,Maye Davidek,mdavidek13@joomla.org,Polygender,Missouri
41,Philippe Fear,pfear14@ucsd.edu,Non-binary,Florida
42,Ethan Goddert.sf,egoddertsf15@accuweather.com,Genderqueer,Georgia
43,Agnella Matic,,Polygender,
44,Darrell Ladley,dladley17@java.com,Female,Texas
45,Jim Wheldon,jwheldon18@yellowbook.com,Genderqueer,New Mexico
46,Lizzie Dockray,ldockray19@booking.com,Genderqueer,Iowa
47,Gay Ellin,gellin1a@disqus.com,Genderfluid,Texas
48,Glori Bumfrey,,Genderqueer,
49,Zelda Bevir,,Genderfluid,
50,Kitty Sneezum,ksneezum1d@google.ru,Genderqueer,Texas
51,Jade Parren,,Agender,
52,Enrica Mosson,emosson1f@hugedomains.com,Non-binary,Texas
53,Sibyl Handscomb,shandscomb1g@cornell.edu,Female,Indiana
54,Lucinda Crate,,Genderfluid,
55,Denice Kiley,dkiley1i@google.com,Male,New Mexico
56,Wayland Renzullo,wrenzullo1j@yellowbook.com,Genderfluid,Nebraska
57,Tiffy Bowcock,tbowcock1k@paginegialle.it,Male,California
58,Cindra Vany,cvany1l@upenn.edu,Polygender,Colorado
59,Raina Bengal,rbengal1m@odnoklassniki.ru,Female,Pennsylvania
60,Olag Frankling,ofrankling1n@blogtalkradio.com,Genderqueer,Minnesota
61,Melvyn Pietersen,mpietersen1o@time.com,Bigender,Pennsylvania
62,Fredelia Cicero,fcicero1p@rakuten.co.jp,Agender,North Carolina
63,Kara Boler,,Agender,
64,Abigael Innot,ainnot1r@paginegialle.it,Genderfluid,New Jersey
65,Skipton Ableson,sableson1s@simplemachines.org,Polygender,Texas
66,Maude Gerty,mgerty1t@ft.com,Agender,Illinois
67,Emilia Pavitt,epavitt1u@ezinearticles.com,Non-binary,Texas
68,Annaliese Rouchy,arouchy1v@squidoo.com,Bigender,Virginia
69,Berny Wilkerson,bwilkerson1w@comcast.net,Non-binary,Missouri
70,Guss Hardiman,ghardiman1x@slate.com,Genderfluid,Minnesota
71,Daile Hearmon,dhearmon1y@mail.ru,Agender,Texas
72,Frederico Grisbrook,fgrisbrook1z@trellian.com,Non-binary,Ohio
73,Hedy Wardhaugh,hwardhaugh20@homestead.com,Male,Michigan
74,Ezekiel Miettinen,emiettinen21@liveinternet.ru,Bigender,Kansas
75,Bobbette Reade,breade22@edublogs.org,Genderqueer,Texas
76,Davis Waleworke,,Male,
77,Euell Looney,elooney24@fastcompany.com,Genderfluid,Texas
78,Claudie Mordy,cmordy25@xing.com,Bigender,Indiana
79,Jordanna Pleven,jpleven26@i2i.jp,Genderqueer,Texas
80,Cos Weinham,cweinham27@state.tx.us,Male,New York
81,Jerrine Tremontana,jtremontana28@de.vu,Female,California
82,Brod Trower,btrower29@ow.ly,Non-binary,Florida
83,Cristen Halford,,Non-binary,
84,Kain Mickleburgh,kmickleburgh2b@tinypic.com,Polygender,Georgia
85,Wynn Jorez,wjorez2c@hexun.com,Genderfluid,New Jersey
86,Noland Oboy,noboy2d@earthlink.net,Bigender,California
87,Starlin Kunzler,skunzler2e@scientificamerican.com,Agender,Ohio
88,Misha Hegg,mhegg2f@lycos.com,Non-binary,California
89,Kerry Tanzig,ktanzig2g@uiuc.edu,Polygender,Michigan
90,Hope Bosman,hbosman2h@is.gd,Non-binary,Colorado
91,Regine Clemmow,rclemmow2i@statcounter.com,Female,California
92,Hatty Wyne,,Non-binary,
93,Earl Collingdon,,Genderqueer,
94,Virgie Zold,vzold2l@shinystat.com,Polygender,Florida
95,Gweneth Yurevich,gyurevich2m@soundcloud.com,Non-binary,Oregon
96,Darya Norvill,dnorvill2n@mit.edu,Bigender,Virginia
97,Teirtza Milton-White,tmiltonwhite2o@youtu.be,Agender,Colorado
98,Daron Sutherington,,Agender,
99,Lenee Tabard,,Genderqueer,
100,Milka Hayers,mhayers2r@cnbc.com,Genderqueer,Minnesota
1, Hubbert,,,
2, Brand-Hardy,,,Ohio
3, Lafayette,,,Texas
4, De Ruggero,,,Louisiana
5, Burtwhistle,,,Texas
6, Baroch,,,
7, Krates,,,
8, Richardsson,,,Texas
9, Michiel,,,Texas
10, Johnigan,,,
11, Dundridge,,,
12, Sybe,,,California
13, Conaghy,,,West Virginia
14, Chalfant,,,New York
15, Denton,,,South Carolina
16, Pleass,,,
17, Garrand,,,Illinois
18, Dirand,,,Nevada
19, Hellcat,,,Florida
20, Barker,,,Texas
21, Jeff,,,New York
22, Corkel,,,New Jersey
23, Moret,,,California
24, Dowe,,,New York
25, Mowles,,,Nevada
26, Hellikes,,,Illinois
27, Danat,,,New York
28, Macieja,,,North Carolina
29, Tolchard,,,
30, Rupke,,,California
31, Enderle,,,North Carolina
32, Judd,,,North Carolina
33, Bindin,,,Texas
34, Pettifer,,,Texas
35, McQuillin,,,Texas
36, Gibbs,,,Virginia
37, Lovie,,,Nevada
38, McKinna,,,Oklahoma
39, Worts,,,Texas
40, Davidek,,,Missouri
41, Fear,,,Florida
42, Goddert.sf,,,Georgia
43, Matic,,,
44, Ladley,,,Texas
45, Wheldon,,,New Mexico
46, Dockray,,,Iowa
47, Ellin,,,Texas
48, Bumfrey,,,
49, Bevir,,,
50, Sneezum,,,Texas
51, Parren,,,
52, Mosson,,,Texas
53, Handscomb,,,Indiana
54, Crate,,,
55, Kiley,,,New Mexico
56, Renzullo,,,Nebraska
57, Bowcock,,,California
58, Vany,,,Colorado
59, Bengal,,,Pennsylvania
60, Frankling,,,Minnesota
61, Pietersen,,,Pennsylvania
62, Cicero,,,North Carolina
63, Boler,,,
64, Innot,,,New Jersey
65, Ableson,,,Texas
66, Gerty,,,Illinois
67, Pavitt,,,Texas
68, Rouchy,,,Virginia
69, Wilkerson,,,Missouri
70, Hardiman,,,Minnesota
71, Hearmon,,,Texas
72, Grisbrook,,,Ohio
73, Wardhaugh,,,Michigan
74, Miettinen,,,Kansas
75, Reade,,,Texas
76, Waleworke,,,
77, Looney,,,Texas
78, Mordy,,,Indiana
79, Pleven,,,Texas
80, Weinham,,,New York
81, Tremontana,,,California
82, Trower,,,Florida
83, Halford,,,
84, Mickleburgh,,,Georgia
85, Jorez,,,New Jersey
86, Oboy,,,California
87, Kunzler,,,Ohio
88, Hegg,,,California
89, Tanzig,,,Michigan
90, Bosman,,,Colorado
91, Clemmow,,,California
92, Wyne,,,
93, Collingdon,,,
94, Zold,,,Florida
95, Yurevich,,,Oregon
96, Norvill,,,Virginia
97, Milton-White,,,Colorado
98, Sutherington,,,
99, Tabard,,,
100, Hayers,,,Minnesota
