id,first_name,last_name,email,gender
1,Delia,Hubbert,,Female
2,Anthony,Brand-Hardy,abrandhardy1@pinterest.com,Non-binary
3,Durand,Lafayette,dlafayette2@nydailynews.com,Male
4,Margarete,De Ruggero,mderuggero3@nydailynews.com,Agender
5,Sheila-kathryn,Burtwhistle,sburtwhistle4@slideshare.net,Polygender
6,Ruperto,Baroch,,Genderfluid
7,Griswold,Krates,,Genderfluid
8,Umberto,Richardsson,urichardsson7@merriam-webster.com,Non-binary
9,Susy,Michiel,smichiel8@hp.com,Female
10,Lorianna,Johnigan,,Polygender
11,Barton,Dundridge,,Non-binary
12,Adria,Sybe,asybeb@sciencedirect.com,Non-binary
13,Letizia,Conaghy,lconaghyc@t.co,Genderfluid
14,Nicola,Chalfant,nchalfantd@businessinsider.com,Agender
15,Lothario,Denton,ldentone@reuters.com,Genderqueer
16,Melodie,Pleass,,Genderqueer
17,Neville,Garrand,ngarrandg@pbs.org,Female
18,Rutherford,Dirand,rdirandh@geocities.com,Agender
19,Mirabelle,Hellcat,mhellcati@mail.ru,Polygender
20,Inigo,Barker,ibarkerj@youku.com,Genderfluid
21,Arin,Jeff,ajeffk@mozilla.org,Bigender
22,Jamill,Corkel,jcorkell@mlb.com,Female
23,Carine,Moret,cmoretm@php.net,Polygender
24,Nelson,Dowe,ndowen@google.ca,Polygender
25,Gale,Mowles,gmowleso@nbcnews.com,Genderqueer
26,Quinn,Hellikes,qhellikesp@blogspot.com,Genderqueer
27,Dennie,Danat,ddanatq@imdb.com,Polygender
28,Sophi,Macieja,smaciejar@cnn.com,Agender
29,Yard,Tolchard,,Genderqueer
30,Colet,Rupke,crupket@patch.com,Female
31,Griswold,Enderle,genderleu@java.com,Genderqueer
32,Marnie,Judd,mjuddv@pcworld.com,Female
33,Sheri,Bindin,sbindinw@auda.org.au,Genderqueer
34,Sherie,Pettifer,spettiferx@yellowpages.com,Bigender
35,Benjamen,McQuillin,bmcquilliny@oaic.gov.au,Bigender
36,Gilberte,Gibbs,ggibbsz@flickr.com,Male
37,Annabal,Lovie,alovie10@goodreads.com,Agender
38,Westley,McKinna,wmckinna11@photobucket.com,Bigender
39,Wenonah,Worts,wworts12@google.ca,Genderfluid
40,Maye,Davidek,mdavidek13@joomla.org,Polygender
41,Philippe,Fear,pfear14@ucsd.edu,Non-binary
42,Ethan,Goddert.sf,egoddertsf15@accuweather.com,Genderqueer
43,Agnella,Matic,,Polygender
44,Darrell,Ladley,dladley17@java.com,Female
45,Jim,Wheldon,jwheldon18@yellowbook.com,Genderqueer
46,Lizzie,Dockray,ldockray19@booking.com,Genderqueer
47,Gay,Ellin,gellin1a@disqus.com,Genderfluid
48,Glori,Bumfrey,,Genderqueer
49,Zelda,Bevir,,Genderfluid
50,Kitty,Sneezum,ksneezum1d@google.ru,Genderqueer
51,Jade,Parren,,Agender
52,Enrica,Mosson,emosson1f@hugedomains.com,Non-binary
53,Sibyl,Handscomb,shandscomb1g@cornell.edu,Female
54,Lucinda,Crate,,Genderfluid
55,Denice,Kiley,dkiley1i@google.com,Male
56,Wayland,Renzullo,wrenzullo1j@yellowbook.com,Genderfluid
57,Tiffy,Bowcock,tbowcock1k@paginegialle.it,Male
58,Cindra,Vany,cvany1l@upenn.edu,Polygender
59,Raina,Bengal,rbengal1m@odnoklassniki.ru,Female
60,Olag,Frankling,ofrankling1n@blogtalkradio.com,Genderqueer
61,Melvyn,Pietersen,mpietersen1o@time.com,Bigender
62,Fredelia,Cicero,fcicero1p@rakuten.co.jp,Agender
63,Kara,Boler,,Agender
64,Abigael,Innot,ainnot1r@paginegialle.it,Genderfluid
65,Skipton,Ableson,sableson1s@simplemachines.org,Polygender
66,Maude,Gerty,mgerty1t@ft.com,Agender
67,Emilia,Pavitt,epavitt1u@ezinearticles.com,Non-binary
68,Annaliese,Rouchy,arouchy1v@squidoo.com,Bigender
69,Berny,Wilkerson,bwilkerson1w@comcast.net,Non-binary
70,Guss,Hardiman,ghardiman1x@slate.com,Genderfluid
71,Daile,Hearmon,dhearmon1y@mail.ru,Agender
72,Frederico,Grisbrook,fgrisbrook1z@trellian.com,Non-binary
73,Hedy,Wardhaugh,hwardhaugh20@homestead.com,Male
74,Ezekiel,Miettinen,emiettinen21@liveinternet.ru,Bigender
75,Bobbette,Reade,breade22@edublogs.org,Genderqueer
76,Davis,Waleworke,,Male
77,Euell,Looney,elooney24@fastcompany.com,Genderfluid
78,Claudie,Mordy,cmordy25@xing.com,Bigender
79,Jordanna,Pleven,jpleven26@i2i.jp,Genderqueer
80,Cos,Weinham,cweinham27@state.tx.us,Male
81,Jerrine,Tremontana,jtremontana28@de.vu,Female
82,Brod,Trower,btrower29@ow.ly,Non-binary
83,Cristen,Halford,,Non-binary
84,Kain,Mickleburgh,kmickleburgh2b@tinypic.com,Polygender
85,Wynn,Jorez,wjorez2c@hexun.com,Genderfluid
86,Noland,Oboy,noboy2d@earthlink.net,Bigender
87,Starlin,Kunzler,skunzler2e@scientificamerican.com,Agender
88,Misha,Hegg,mhegg2f@lycos.com,Non-binary
89,Kerry,Tanzig,ktanzig2g@uiuc.edu,Polygender
90,Hope,Bosman,hbosman2h@is.gd,Non-binary
91,Regine,Clemmow,rclemmow2i@statcounter.com,Female
92,Hatty,Wyne,,Non-binary
93,Earl,Collingdon,,Genderqueer
94,Virgie,Zold,vzold2l@shinystat.com,Polygender
95,Gweneth,Yurevich,gyurevich2m@soundcloud.com,Non-binary
96,Darya,Norvill,dnorvill2n@mit.edu,Bigender
97,Teirtza,Milton-White,tmiltonwhite2o@youtu.be,Agender
98,Daron,Sutherington,,Agender
99,Lenee,Tabard,,Genderqueer
100,Milka,Hayers,mhayers2r@cnbc.com,Genderqueer
